name,place,osm_id,lon,lat,osm_population_tag,depth_m,velocity_ms,hazard_class,hazard_name,arrival_s,arrival_min
Nangal,town,414659175,76.3754353,31.3837484,40644,125.57,9.1,4,Extreme,3089.0,51.5
Naya Nangal,suburb,1351765261,76.3454147,31.3813717,,127.98,4.21,4,Extreme,3606.7,60.1
Santokhgarh,village,1364996069,76.3175624,31.3527424,9363,141.64,4.49,4,Extreme,4461.2,74.4
Heerpur,village,6076658559,76.4123797,31.2166828,,177.18,6.28,4,Extreme,8649.2,144.2
Anandpur Sahib,city,1364801679,76.4973104,31.2346773,1000,190.15,6.39,4,Extreme,10366.7,172.8
Bhanupali,village,1364802189,76.424736,31.3016474,,155.98,4.03,4,Extreme,14648.8,244.1
Ajouli,village,6612759526,76.409287,31.3253682,,146.69,3.36,4,Extreme,15312.2,255.2
Kalsera,village,4294897389,76.3446384,31.3988179,,100.59,5.19,4,Extreme,19146.2,319.1
Mehatpur,hamlet,4294901619,76.3464244,31.4089781,,89.13,5.86,4,Extreme,20569.9,342.8
Basoli Nichli,village,8300713053,76.3163936,31.4774283,,40.91,5.05,4,Extreme,25579.1,426.3
