t_s,t_min,Q_m3s,reservoir_level_m,breach_top_width_m,breach_invert_m,storage_m3
0.000,0.0000,0,467.638,0,503.67,3.72954e+06
0.050,0.0008,0,467.638,0,503.67,3.72954e+06
0.100,0.0017,0,467.638,93.4602,471.442,3.72954e+06
0.150,0.0025,6710.35,467.634,136.397,458.093,3.7292e+06
0.200,0.0033,24854.1,467.62,172.597,447.85,3.72796e+06
0.250,0.0042,49922.6,467.59,204.686,439.215,3.72546e+06
0.300,0.0050,80353.5,467.542,234.138,431.607,3.72144e+06
0.350,0.0058,115229,467.472,261.706,424.729,3.71568e+06
0.400,0.0067,153917,467.38,287.837,418.404,3.70799e+06
0.450,0.0075,195945,467.263,312.82,412.517,3.69819e+06
0.500,0.0083,240935,467.118,336.853,406.987,3.68614e+06
0.550,0.0092,288574,466.943,360.078,401.757,3.67171e+06
0.600,0.0100,338570,466.734,382.6,396.783,3.65478e+06
0.650,0.0108,390673,466.492,404.505,392.03,3.63525e+06
0.700,0.0117,444687,466.217,425.857,387.472,3.61302e+06
0.750,0.0125,500417,465.907,446.708,383.085,3.588e+06
0.800,0.0133,557681,465.562,467.1,378.853,3.56011e+06
0.850,0.0142,616311,465.181,487.067,374.759,3.5293e+06
0.900,0.0150,676148,464.763,506.638,370.792,3.49549e+06
0.950,0.0158,737042,464.298,525.825,366.94,3.45864e+06
1.000,0.0167,798734,463.787,544.65,363.193,3.4187e+06
1.050,0.0175,861099,463.237,563.138,359.544,3.37565e+06
1.100,0.0183,853741,462.692,562.374,359.544,3.33296e+06
1.150,0.0192,846472,462.151,561.617,359.544,3.29063e+06
1.200,0.0200,839291,461.596,560.841,359.544,3.24867e+06
1.250,0.0208,831960,461.047,560.071,359.544,3.20707e+06
1.300,0.0217,824717,460.502,559.309,359.544,3.16584e+06
1.350,0.0225,817563,459.962,558.552,359.544,3.12496e+06
1.400,0.0233,810497,459.417,557.789,359.544,3.08443e+06
1.450,0.0242,803394,458.868,557.021,359.544,3.04426e+06
1.500,0.0250,796263,458.323,556.258,359.544,3.00445e+06
1.550,0.0258,789221,457.784,555.503,359.544,2.96499e+06
1.600,0.0267,782267,457.249,554.754,359.544,2.92588e+06
1.650,0.0275,775397,456.7,553.986,359.544,2.88711e+06
1.700,0.0283,768375,456.156,553.224,359.544,2.84869e+06
1.750,0.0292,761442,455.617,552.469,359.544,2.81062e+06
1.800,0.0300,754598,455.083,551.721,359.544,2.77289e+06
1.850,0.0308,747841,454.544,550.967,359.544,2.73549e+06
1.900,0.0317,741050,454,550.205,359.544,2.69844e+06
1.950,0.0325,734225,453.461,549.451,359.544,2.66173e+06
2.000,0.0333,727488,452.927,548.704,359.544,2.62535e+06
2.050,0.0342,720838,452.398,547.963,359.544,2.58931e+06
2.100,0.0350,714275,451.855,547.203,359.544,2.5536e+06
2.150,0.0358,707566,451.316,546.449,359.544,2.51822e+06
2.200,0.0367,700933,450.783,545.702,359.544,2.48317e+06
2.250,0.0375,694388,450.254,544.962,359.544,2.44845e+06
2.300,0.0383,687930,449.723,544.218,359.544,2.41406e+06
2.350,0.0392,681463,449.184,543.463,359.544,2.37999e+06
2.400,0.0400,674932,448.65,542.716,359.544,2.34624e+06
2.450,0.0408,668489,448.122,541.976,359.544,2.31281e+06
2.500,0.0417,662133,447.598,541.243,359.544,2.27971e+06
2.550,0.0425,655862,447.063,540.494,359.544,2.24691e+06
2.600,0.0433,649483,446.529,539.747,359.544,2.21444e+06
2.650,0.0442,643139,446.001,539.007,359.544,2.18228e+06
2.700,0.0450,636883,445.477,538.274,359.544,2.15044e+06
2.750,0.0458,630712,444.955,537.543,359.544,2.1189e+06
2.800,0.0467,624585,444.421,536.795,359.544,2.08767e+06
2.850,0.0475,618337,443.891,536.054,359.544,2.05676e+06
2.900,0.0483,612177,443.368,535.321,359.544,2.02615e+06
2.950,0.0492,606104,442.849,534.594,359.544,1.99584e+06
3.000,0.0500,600115,442.324,533.86,359.544,1.96584e+06
3.050,0.0508,594082,441.795,533.118,359.544,1.93613e+06
3.100,0.0517,588015,441.27,532.384,359.544,1.90673e+06
3.150,0.0525,582036,440.752,531.658,359.544,1.87763e+06
3.200,0.0533,576142,440.238,530.939,359.544,1.84882e+06
3.250,0.0542,570332,439.711,530.201,359.544,1.82031e+06
3.300,0.0550,564396,439.186,529.466,359.544,1.79209e+06
3.350,0.0558,558508,438.666,528.738,359.544,1.76416e+06
3.400,0.0567,552706,438.152,528.019,359.544,1.73653e+06
3.450,0.0575,546988,437.64,527.302,359.544,1.70918e+06
3.500,0.0583,541319,437.114,526.565,359.544,1.68211e+06
3.550,0.0592,535518,436.593,525.837,359.544,1.65534e+06
3.600,0.0600,529805,436.078,525.116,359.544,1.62885e+06
3.650,0.0608,524177,435.569,524.402,359.544,1.60264e+06
3.700,0.0617,518633,435.055,523.683,359.544,1.5767e+06
3.750,0.0625,513069,434.534,522.953,359.544,1.55105e+06
3.800,0.0633,507441,434.018,522.231,359.544,1.52568e+06
3.850,0.0642,501899,433.508,521.516,359.544,1.50058e+06
3.900,0.0650,496443,433.003,520.81,359.544,1.47576e+06
3.950,0.0658,491069,432.488,520.089,359.544,1.45121e+06
4.000,0.0667,485613,431.971,519.365,359.544,1.42693e+06
4.050,0.0675,480154,431.459,518.648,359.544,1.40292e+06
4.100,0.0683,474782,430.953,517.94,359.544,1.37918e+06
4.150,0.0692,469493,430.453,517.24,359.544,1.35571e+06
4.200,0.0700,464287,429.937,516.518,359.544,1.33249e+06
4.250,0.0708,458943,429.424,515.8,359.544,1.30955e+06
4.300,0.0717,453650,428.917,515.09,359.544,1.28686e+06
4.350,0.0725,448443,428.416,514.388,359.544,1.26444e+06
4.400,0.0733,443320,427.919,513.692,359.544,1.24227e+06
4.450,0.0742,438266,427.404,512.971,359.544,1.22036e+06
4.500,0.0750,433051,426.895,512.258,359.544,1.19871e+06
4.550,0.0758,427922,426.392,511.554,359.544,1.17731e+06
4.600,0.0767,422877,425.895,510.858,359.544,1.15617e+06
4.650,0.0775,417916,425.398,510.163,359.544,1.13527e+06
4.700,0.0783,412985,424.887,509.448,359.544,1.11462e+06
4.750,0.0792,407930,424.382,508.741,359.544,1.09423e+06
4.800,0.0800,402961,423.883,508.042,359.544,1.07408e+06
4.850,0.0808,398076,423.39,507.352,359.544,1.05418e+06
4.900,0.0817,393274,422.895,506.659,359.544,1.03451e+06
4.950,0.0825,388470,422.388,505.948,359.544,1.01509e+06
5.000,0.0833,383572,421.886,505.247,359.544,995910
5.050,0.0842,378761,421.392,504.554,359.544,976972
5.100,0.0850,374033,420.903,503.87,359.544,958270
5.150,0.0858,369387,420.409,503.179,359.544,939801
5.200,0.0867,364716,419.905,502.473,359.544,921565
5.250,0.0875,359972,419.408,501.777,359.544,903566
5.300,0.0883,355315,418.917,501.09,359.544,885800
5.350,0.0892,350741,418.432,500.411,359.544,868263
5.400,0.0900,346248,417.941,499.723,359.544,850951
5.450,0.0908,341716,417.44,499.022,359.544,833865
5.500,0.0917,337124,416.947,498.331,359.544,817009
5.550,0.0925,332617,416.459,497.649,359.544,800378
5.600,0.0933,328194,415.979,496.976,359.544,783969
5.650,0.0942,323852,415.49,496.292,359.544,767776
5.700,0.0950,319464,414.993,495.596,359.544,751803
5.750,0.0958,315020,414.503,494.91,359.544,736052
5.800,0.0967,310662,414.019,494.233,359.544,720519
5.850,0.0975,306387,413.542,493.565,359.544,705199
5.900,0.0983,302194,413.058,492.887,359.544,690090
5.950,0.0992,297957,412.563,492.195,359.544,675192
6.000,0.1000,293658,412.076,491.513,359.544,660509
6.050,0.1008,289445,411.596,490.84,359.544,646037
6.100,0.1017,285315,411.123,490.178,359.544,631771
6.150,0.1025,281267,410.643,489.507,359.544,617708
6.200,0.1033,277188,410.152,488.818,359.544,603848
6.250,0.1042,273031,409.668,488.141,359.544,590197
6.300,0.1050,268960,409.191,487.473,359.544,576749
6.350,0.1058,264973,408.721,486.815,359.544,563500
6.400,0.1067,261067,408.248,486.153,359.544,550447
6.450,0.1075,257156,407.759,485.468,359.544,537589
6.500,0.1083,253137,407.277,484.794,359.544,524932
6.550,0.1092,249205,406.803,484.13,359.544,512472
6.600,0.1100,245357,406.337,483.477,359.544,500204
6.650,0.1108,241591,405.871,482.825,359.544,488124
6.700,0.1117,237855,405.384,482.143,359.544,476231
6.750,0.1125,233972,404.905,481.473,359.544,464533
6.800,0.1133,230176,404.434,480.813,359.544,453024
6.850,0.1142,226465,403.97,480.164,359.544,441701
6.900,0.1150,222835,403.514,479.525,359.544,430559
6.950,0.1158,219286,403.029,478.846,359.544,419595
7.000,0.1167,215534,402.552,478.178,359.544,408818
7.050,0.1175,211871,402.083,477.522,359.544,398225
7.100,0.1183,208292,401.622,476.876,359.544,387810
7.150,0.1192,204797,401.169,476.242,359.544,377570
7.200,0.1200,201382,400.693,475.576,359.544,367501
7.250,0.1208,197822,400.218,474.91,359.544,357610
7.300,0.1217,194288,399.751,474.257,359.544,347895
7.350,0.1225,190840,399.292,473.615,359.544,338353
7.400,0.1233,187476,398.842,472.984,359.544,328980
7.450,0.1242,184193,398.378,472.335,359.544,319770
7.500,0.1250,180837,397.904,471.671,359.544,310728
7.550,0.1258,177428,397.438,471.02,359.544,301857
7.600,0.1267,174106,396.982,470.38,359.544,293151
7.650,0.1275,170870,396.534,469.753,359.544,284608
7.700,0.1283,167716,396.085,469.124,359.544,276222
7.750,0.1292,164579,395.611,468.461,359.544,267993
7.800,0.1300,161291,395.146,467.811,359.544,259929
7.850,0.1308,158092,394.691,467.174,359.544,252024
7.900,0.1317,154980,394.245,466.549,359.544,244275
7.950,0.1325,151952,393.808,465.936,359.544,236677
8.000,0.1333,149004,393.34,465.282,359.544,229227
8.050,0.1342,145879,392.876,464.632,359.544,221933
8.100,0.1350,142799,392.421,463.996,359.544,214793
8.150,0.1358,139808,391.977,463.373,359.544,207803
8.200,0.1367,136902,391.541,462.763,359.544,200958
8.250,0.1375,134079,391.093,462.136,359.544,194254
8.300,0.1383,131199,390.628,461.485,359.544,187694
8.350,0.1392,128233,390.174,460.849,359.544,181282
8.400,0.1400,125358,389.729,460.227,359.544,175014
8.450,0.1408,122571,389.295,459.619,359.544,168886
8.500,0.1417,119868,388.87,459.024,359.544,162892
8.550,0.1425,117246,388.405,458.372,359.544,157030
8.600,0.1433,114397,387.949,457.734,359.544,151310
8.650,0.1442,111634,387.504,457.112,359.544,145729
8.700,0.1450,108961,387.07,456.504,359.544,140281
8.750,0.1458,106375,386.647,455.911,359.544,134962
8.800,0.1467,103872,386.208,455.297,359.544,129768
8.850,0.1475,101305,385.75,454.656,359.544,124703
8.900,0.1483,98646.3,385.304,454.031,359.544,119771
8.950,0.1492,96082.2,384.869,453.423,359.544,114967
9.000,0.1500,93608.4,384.446,452.83,359.544,110286
9.050,0.1508,91220.7,384.033,452.252,359.544,105725
9.100,0.1517,88915.3,383.579,451.617,359.544,101279
9.150,0.1525,86406.4,383.13,450.988,359.544,96959
9.200,0.1533,83944.4,382.693,450.376,359.544,92761.8
9.250,0.1542,81577.1,382.268,449.782,359.544,88682.9
9.300,0.1550,79300,381.856,449.204,359.544,84717.9
9.350,0.1558,77108.7,381.442,448.625,359.544,80862.5
9.400,0.1567,74933.4,380.986,447.987,359.544,77115.8
9.450,0.1575,72564.2,380.545,447.369,359.544,73487.6
9.500,0.1583,70296,380.118,446.771,359.544,69972.8
9.550,0.1592,68123.2,379.703,446.191,359.544,66566.7
9.600,0.1600,66040.9,379.302,445.628,359.544,63264.6
9.650,0.1608,64044.3,378.879,445.037,359.544,60062.4
9.700,0.1617,61966.4,378.43,444.408,359.544,56964.1
9.750,0.1625,59786.2,377.997,443.802,359.544,53974.8
9.800,0.1633,57709.1,377.579,443.217,359.544,51089.3
9.850,0.1642,55728.9,377.175,442.651,359.544,48302.9
9.900,0.1650,53840,376.785,442.105,359.544,45610.9
9.950,0.1658,52037.1,376.356,441.505,359.544,43009
10.000,0.1667,50079,375.913,440.884,359.544,40505.1
10.050,0.1675,48084.2,375.488,440.289,359.544,38100.9
10.100,0.1683,46195.9,375.079,439.716,359.544,35791.1
10.150,0.1692,44406.9,374.686,439.166,359.544,33570.7
10.200,0.1700,42710.6,374.308,438.637,359.544,31435.2
10.250,0.1708,41101.1,373.877,438.033,359.544,29380.1
10.300,0.1717,39291.5,373.437,437.418,359.544,27415.6
10.350,0.1725,37477.8,373.018,436.832,359.544,25541.7
10.400,0.1733,35775.8,372.618,436.272,359.544,23752.9
10.450,0.1742,34177,372.236,435.737,359.544,22044
10.500,0.1750,32673.6,371.871,435.225,359.544,20410.4
10.550,0.1758,31258.4,371.445,434.629,359.544,18847.4
10.600,0.1767,29636.1,371.007,434.015,359.544,17365.6
10.650,0.1775,27996.9,370.592,433.435,359.544,15965.8
10.700,0.1783,26478.3,370.2,432.886,359.544,14641.9
10.750,0.1792,25069.3,369.829,432.367,359.544,13388.4
10.800,0.1800,23760,369.478,431.875,359.544,12200.4
10.850,0.1808,22541.6,369.072,431.307,359.544,11073.3
10.900,0.1817,21164.5,368.627,430.684,359.544,10015.1
10.950,0.1825,19687.9,368.213,430.104,359.544,9030.7
11.000,0.1833,18347.6,367.828,429.564,359.544,8113.31
11.050,0.1842,17128.1,367.467,429.06,359.544,7256.91
11.100,0.1850,16015.8,367.131,428.589,359.544,6456.12
11.150,0.1858,14999.2,366.781,428.1,359.544,5706.16
11.200,0.1867,13969,366.312,427.442,359.544,5007.71
11.250,0.1875,12624.1,365.888,426.848,359.544,4376.5
11.300,0.1883,11449.3,365.503,426.31,359.544,3804.04
11.350,0.1892,10418.1,365.152,425.819,359.544,3283.13
11.400,0.1900,9508.98,364.833,425.372,359.544,2807.68
11.450,0.1908,8704.17,364.54,424.962,359.544,2372.47
11.500,0.1917,7988.94,364.109,424.359,359.544,1973.03
